IfCS,Phrase,Correct,Probablity,Attention
1,sandstorm hash,,0.592063606,"0.05736802890896797, 0.5283085703849792, 0.13413412868976593, 0.13100017607212067, 0.14918914437294006"
0,size computation,,0.517172337,"0.15018349885940552, 0.00149077782407403, 0.32530468702316284, 0.26734185218811035, 0.255679190158844"
1,linear equality,,0.619638145,"7.1876779657031875e-06, 0.6034433841705322, 0.21268706023693085, 0.11091118305921555, 0.07295121997594833"
0,order functions,,0.537721157,"0.38683730363845825, 0.016728736460208893, 0.34100276231765747, 0.1553642898797989, 0.10006693005561829"
0,computer methods,,0.715657055,"0.00031444942578673363, 0.05591044947504997, 0.28910738229751587, 0.32948851585388184, 0.32517921924591064"
1,normalized compression distance,,0.627902329,"0.00361610553227365, 0.00012384966248646379, 0.003500246675685048, 0.34948015213012695, 0.6432796120643616"
1,uniqueness theorem,,0.548378468,"0.0052973986603319645, 0.040101565420627594, 0.5265124440193176, 0.25184929370880127, 0.17623940110206604"
0,value distribution,,0.536727786,"0.48111116886138916, 0.022829128429293633, 0.18058039247989655, 0.15291260182857513, 0.16256678104400635"
1,topos theory,,0.527874649,"0.003980790730565786, 0.0012349151074886322, 0.21738244593143463, 0.3324858844280243, 0.4449159801006317"
1,asymptotically efficient multiplication algorithm,,0.530659556,"0.0009094630368053913, 0.005246746353805065, 0.07599961012601852, 0.022296948358416557, 0.8955472111701965"
1,syntactic transformations,,0.573096633,"0.0026779393665492535, 0.0027502565644681454, 0.35676485300064087, 0.3378694951534271, 0.2999373972415924"
0,computer programming tasks,,0.636062324,"6.0552327340701595e-05, 4.1371302359038964e-05, 0.7483214735984802, 0.17210432887077332, 0.07947223633527756"
1,discrete mathematics,,0.566990554,"0.0005782200023531914, 0.07840163260698318, 0.5637403726577759, 0.2210414707660675, 0.13623829185962677"
0,conquer algorithm,,0.627839148,"0.014485576190054417, 0.008581130765378475, 0.48529189825057983, 0.2786717116832733, 0.21296973526477814"
0,primitive recursive,,0.561997712,"0.005690190941095352, 0.10613347589969635, 0.37969425320625305, 0.2645557224750519, 0.2439263015985489"
1,sparse approximation,,0.516863406,"6.792346539441496e-05, 0.001906733843497932, 0.24352698028087616, 0.3367604613304138, 0.4177379012107849"
0,nervous system,,0.637858212,"0.032126810401678085, 0.00900100264698267, 0.20032458007335663, 0.3231774568557739, 0.4353701174259186"
1,clipper processors,,0.575646758,"0.34107130765914917, 0.028454257175326347, 0.1337210088968277, 0.20985503494739532, 0.2868983745574951"
0,model sequences,,0.672177851,"0.0006206422694958746, 0.23048964142799377, 0.3237500786781311, 0.23171232640743256, 0.2134273797273636"
1,matrix algorithms,,0.926502526,"7.492690201615915e-05, 0.007325165905058384, 0.42655763030052185, 0.3310040831565857, 0.23503823578357697"
0,fuzzy logica mathematical system,fuzzy logic mathematical model,0.839047432,"0.004291973542422056, 0.001791537506505847, 0.3412390351295471, 0.07543381303548813, 0.5772436857223511"
0,immersive design,,0.602721751,"0.0020445566624403, 0.12722709774971008, 0.3444758355617523, 0.2864549458026886, 0.23979759216308594"
0,dimensional complexity theory,,0.709266663,"0.0002846405259333551, 0.0006704996922053397, 0.00643691373988986, 0.5240913033485413, 0.46851664781570435"
0,order logics,higher-order logics,0.561526179,"0.9489694237709045, 0.0025102728977799416, 0.02232755720615387, 0.014170468784868717, 0.012022283859550953"
1,matrix multiplication,,0.538364172,"1.6321420844178647e-05, 0.5802245736122131, 0.29382023215293884, 0.08351254463195801, 0.04242635518312454"
0,data retrieval operations,,0.659236193,"0.00030828011222183704, 0.0020990062039345503, 0.5464619994163513, 0.30844828486442566, 0.14268234372138977"
0,matrix analysis,,0.88322556,"7.282967999344692e-05, 0.0133935222402215, 0.37049174308776855, 0.3374972939491272, 0.2785446345806122"
0,inverse direction,,0.555460155,"0.00036505036405287683, 0.08296552300453186, 0.5314281582832336, 0.24576523900032043, 0.13947603106498718"
1,beta encoder,,0.590187848,"0.0026070247404277325, 0.0010165870189666748, 0.14079982042312622, 0.3277577757835388, 0.5278188586235046"
0,entropy method,,0.547233701,"1.8118753359885886e-05, 0.06573359668254852, 0.34345632791519165, 0.30645987391471863, 0.28433215618133545"
0,euclidean division,,0.518450201,"0.009467842057347298, 0.22444629669189453, 0.3295093774795532, 0.2294149398803711, 0.20716163516044617"
0,oriented decomposition,,0.575873494,"0.03743642941117287, 0.0034271760378032923, 0.35337549448013306, 0.3198554813861847, 0.2859053611755371"
0,digital circuits,,0.657478094,"0.004742546007037163, 0.0090417992323637, 0.3131048381328583, 0.3461788296699524, 0.3269319236278534"
0,mathematical framework,,0.58754462,"0.009600563906133175, 0.042426321655511856, 0.30300384759902954, 0.322937935590744, 0.32203131914138794"
1,homotopy invariant,,0.763839543,"0.001953813945874572, 0.0020588519982993603, 0.37523406744003296, 0.3209281265735626, 0.29982516169548035"
1,batch processing,,0.547237933,"0.7546483874320984, 0.0012203415390104055, 0.09016893059015274, 0.07678399235010147, 0.07717834413051605"
0,theorem  computer science,,0.737313151,"0.012314007617533207, 0.08019352704286575, 0.0008526686578989029, 0.09062694013118744, 0.8160128593444824"
0,based learning,,0.58545661,"0.09472756832838058, 0.017653973773121834, 0.3994196355342865, 0.2633777856826782, 0.22482100129127502"
0,range coding,,0.623950601,"0.001066587632521987, 0.00041691563092172146, 0.21334590017795563, 0.34881117939949036, 0.4363594055175781"
0,core processor,,0.794522285,"0.014567514881491661, 0.02506870962679386, 0.15805327892303467, 0.31729260087013245, 0.48501792550086975"
0,time algorithm,,0.851753533,"0.0018755615456029773, 0.0103093096986413, 0.4977377951145172, 0.2939922511577606, 0.19608503580093384"
0,computationally intelligent,,0.884120464,"0.00016586409765295684, 0.022997844964265823, 0.35381844639778137, 0.3338523209095001, 0.2891654968261719"
0,google code,,0.628017902,"0.008667760528624058, 0.0007043725345283747, 0.1867053508758545, 0.35162046551704407, 0.4523019790649414"
0,logical structure,,0.528817058,"0.21192149817943573, 0.03316102176904678, 0.29947930574417114, 0.2372632473707199, 0.21817496418952942"
0,ai alignment,,0.597672284,"0.012873233295977116, 0.31766074895858765, 0.3438243567943573, 0.18896374106407166, 0.13667795062065125"
0,instruction execution time,,0.678474903,"0.00018296869529876858, 0.008458519354462624, 0.12894360721111298, 0.5888465642929077, 0.273568332195282"
0,visual correlation,,0.755217731,"0.005238789599388838, 0.08433765172958374, 0.4373626112937927, 0.27223706245422363, 0.20082378387451172"
0,compression rate,,0.51404202,"4.0140352211892605e-05, 0.007103464566171169, 0.26108428835868835, 0.344235897064209, 0.3875361680984497"
0,efficient algorithms,,0.640223622,"0.0098339281976223, 0.005546058062463999, 0.4006403684616089, 0.30655261874198914, 0.27742698788642883"
0,matrix structures,,0.602110028,"3.677553104353137e-05, 0.009488091804087162, 0.40101245045661926, 0.3326813876628876, 0.25678133964538574"
0,tolerant networking algorithms,,0.654083967,"0.02208758518099785, 0.00014011914026923478, 0.0035062707029283047, 0.44821909070014954, 0.5260469913482666"
0,displaying data,,0.504079759,"0.03196144104003906, 0.0511297732591629, 0.38569095730781555, 0.2755688726902008, 0.25564897060394287"
0,expression computational intelligence,,0.910636306,"0.0019712697248905897, 0.0005060749826952815, 0.005622934550046921, 0.5717248916625977, 0.42017486691474915"
0,exact function,,0.534719467,"0.34735459089279175, 0.015736881643533707, 0.3985736668109894, 0.14964909851551056, 0.0886857658624649"
0,technology intelligence branches,,0.788995624,"0.007313545327633619, 0.0008673982811160386, 0.00509056868031621, 0.4769807457923889, 0.5097477436065674"
0,bit mips processors,,0.514531493,"0.6709518432617188, 0.05598129704594612, 0.019808903336524963, 0.10463847219944, 0.14861956238746643"
0,matrix splitting,,0.584866166,"0.00015698367496952415, 0.21574236452579498, 0.3587862253189087, 0.23673707246780396, 0.18857736885547638"
0,recursively subdividing,,0.727855146,"0.0047283475287258625, 0.028236839920282364, 0.3512084484100342, 0.31054356694221497, 0.30528274178504944"
0,floppy disk,,0.5410887,"0.7683522701263428, 0.1111176609992981, 0.026761434972286224, 0.03917368873953819, 0.05459495261311531"
0,virtual world,,0.525800109,"0.002717000665143132, 0.33691030740737915, 0.24881522357463837, 0.20813538134098053, 0.20342206954956055"
0,lazy learning systems,,0.786434412,"0.00039313468732871115, 0.003964392002671957, 0.024440938606858253, 0.4755435287952423, 0.4956579804420471"
0,logical security boundaries,,0.552041948,"0.16207942366600037, 0.009244406595826149, 0.004103685729205608, 0.4106234908103943, 0.41394904255867004"
0,information technologysystems designsoftware design descriptions,,0.558755398,"0.00029895271291024983, 3.2089817977976054e-05, 0.003397975815460086, 0.025737613439559937, 0.9705333709716797"
1,software vulnerabilities,,0.874174833,"0.002116831950843334, 0.002080661477521062, 0.17649607360363007, 0.3392997086048126, 0.48000678420066833"
0,thomas algorithm,,0.806953311,"0.1436513066291809, 0.009301061742007732, 0.41598421335220337, 0.24604587256908417, 0.18501751124858856"
1,wigner function,,0.557143688,"0.0009996768785640597, 0.007024136837571859, 0.4362049698829651, 0.30672961473464966, 0.2490416020154953"
0,classify patterns,,0.699448824,"0.0005491864867508411, 0.027333680540323257, 0.4100200831890106, 0.3076910376548767, 0.25440600514411926"
0,cambridge quantum computing,,0.835950017,"0.06192248314619064, 0.0016215137438848615, 0.008515738882124424, 0.4515869617462158, 0.47635334730148315"
1,insertion sort,,0.587692022,"0.1006622314453125, 0.8936420679092407, 0.0037007895298302174, 0.0012425160966813564, 0.0007524746470153332"
0,intelligence analysis,,0.937317431,"8.071912452578545e-05, 0.011952637694776058, 0.3539585769176483, 0.34819266200065613, 0.28581544756889343"
1,deterministic approximation,,0.718324542,"0.0001551489986013621, 0.00344096589833498, 0.30919861793518066, 0.32932499051094055, 0.35788029432296753"
1,dynamic models,,0.550680518,"7.223407010314986e-05, 0.001714986632578075, 0.24452196061611176, 0.3403761386871338, 0.4133147597312927"
0,misleading equivalence,,0.534970045,"0.0014800927601754665, 0.4129360020160675, 0.3618602454662323, 0.13679172098636627, 0.08693195134401321"
0,pattern language,,0.738661587,"0.004046532325446606, 0.05727095156908035, 0.46225279569625854, 0.28290122747421265, 0.19352848827838898"
0,probabilistic roadmap methods,,0.820443988,"2.2679958419757895e-05, 0.00011203686153749004, 0.12586694955825806, 0.4703279733657837, 0.40367043018341064"
1,polynomial sequences,,0.72153163,"0.006285156589001417, 0.4144524037837982, 0.300613135099411, 0.15810523927211761, 0.12054408341646194"
0,network integration design,,0.823987603,"2.935779411927797e-05, 0.0003633909218478948, 0.17595985531806946, 0.47985631227493286, 0.34379106760025024"
1,symbolic computation,,0.643586934,"0.15318377315998077, 0.0032004774548113346, 0.40562331676483154, 0.24342162907123566, 0.1945708990097046"
0,computer science subfields,,0.590050995,"0.0001378501474391669, 0.009424499236047268, 0.3613613545894623, 0.37949541211128235, 0.24958081543445587"
0,classification performance,,0.735230625,"0.000586801499594003, 0.1456245630979538, 0.30312931537628174, 0.28093820810317993, 0.269721120595932"
0,processing data streams,,0.661950171,"9.895749826682732e-05, 0.0008709767716936767, 0.833840012550354, 0.10267461091279984, 0.06251538544893265"
0,bit central processing unit,,0.668595016,"0.2706259489059448, 0.02747778594493866, 0.0008263149647973478, 0.03742999956011772, 0.6636399626731873"
0,data type constrains,,0.50076282,"0.0006805307930335402, 0.9269081950187683, 0.014618081972002983, 0.031666580587625504, 0.02612655609846115"
0,future data,,0.685421586,"0.12403162568807602, 0.017756018787622452, 0.32596102356910706, 0.26128628849983215, 0.2709651291370392"
0,overlapping loop iterations,,0.568838954,"0.6291271448135376, 0.0003673358296509832, 0.06188373267650604, 0.1940009742975235, 0.11462084203958511"
0,empirical eigenfunction decomposition,empirical eigenfunction,0.726563513,"0.03325194492936134, 0.0009246746776625514, 0.0030837617814540863, 0.4904528856277466, 0.47228673100471497"
0,virtual technologies,,0.555117071,"0.0033796716015785933, 0.08383267372846603, 0.33100640773773193, 0.29986700415611267, 0.28191426396369934"
0,condition code register,,0.569474876,"0.7187939882278442, 0.0006559027242474258, 0.0706920251250267, 0.08498124033212662, 0.12487686425447464"
0,data differencing,,0.577218294,"0.0004982175305485725, 0.7605791091918945, 0.12047791481018066, 0.06790539622306824, 0.05053931847214699"
0,relational mapping,,0.537111521,"0.0015861644642427564, 0.0008459248929284513, 0.22123417258262634, 0.33258309960365295, 0.44375064969062805"
1,orthogonal decomposition methods,,0.603678346,"3.470797310001217e-05, 0.00015588699898216873, 0.22123919427394867, 0.4966602921485901, 0.2819100022315979"
0,environmental prediction,,0.573227882,"0.2113647311925888, 0.0022388803772628307, 0.20700018107891083, 0.25047966837882996, 0.3289165198802948"
0,iterator concept,,0.521544933,"7.043168352538487e-06, 0.19055943191051483, 0.30940598249435425, 0.26413094997406006, 0.23589664697647095"
0,human learning,,0.508561671,"0.015304683707654476, 0.021302156150341034, 0.4799478352069855, 0.2692441940307617, 0.21420109272003174"
0,density operator,,0.565519512,"0.00023493560729548335, 0.09071763604879379, 0.41481220722198486, 0.27319395542144775, 0.22104127705097198"
0,evaluation functions,,0.546420038,"0.002259508240967989, 0.014519160613417625, 0.4510343372821808, 0.3028019964694977, 0.22938501834869385"
0,probability generators,,0.657226801,"0.0006540920585393906, 0.01440356019884348, 0.33814147114753723, 0.32822316884994507, 0.3185777962207794"
0,iteratively solving,,0.635393202,"1.9450557374511845e-05, 0.03400391712784767, 0.5059159994125366, 0.2694911062717438, 0.19056956470012665"
0,video sequence,,0.614666939,"0.029673585668206215, 0.1910891830921173, 0.3465580940246582, 0.22872911393642426, 0.20394989848136902"
0,training recursive neural nets,,0.783174634,"0.00577755831182003, 0.004789277445524931, 0.0019297963008284569, 0.8052425384521484, 0.18226082623004913"
0,analytical hierarchy,,0.577998281,"0.005517391953617334, 0.013527200557291508, 0.26500630378723145, 0.3299136161804199, 0.3860354721546173"
0,lexicalist hypothesis,,0.53332442,"0.06770309805870056, 0.19801467657089233, 0.2848692536354065, 0.22513064742088318, 0.22428233921527863"
0,rnyi information dimension,,0.699833632,"0.24833859503269196, 0.0023412418086081743, 0.032099660485982895, 0.3971947133541107, 0.32002580165863037"
0,planar graphbased,,0.922595024,"0.009361601434648037, 0.0025903850328177214, 0.16451631486415863, 0.34180623292922974, 0.48172545433044434"
0,hierarchical database modelit,,0.898943901,"0.00091857451479882, 7.055256719468161e-05, 0.0009598489850759506, 0.2390497922897339, 0.7590011954307556"
0,markov partitions,,0.781197309,"0.24865955114364624, 0.31789788603782654, 0.10453628748655319, 0.13940395414829254, 0.18950237333774567"
0,digital  web pages,,0.730646491,"0.000745407014619559, 0.0033209945540875196, 0.0011213462566956878, 0.7776373624801636, 0.21717490255832672"
0,bloch representation,,0.545917392,"0.001223331899382174, 0.054429735988378525, 0.4263112246990204, 0.28175246715545654, 0.23628325760364532"
1,concurrency control,,0.613646507,"0.0068938033655285835, 0.270145982503891, 0.22952516376972198, 0.24006374180316925, 0.25337135791778564"
1,swarm intelligence,,0.619137764,"0.0027021015994250774, 0.0019294555531814694, 0.3018309473991394, 0.3177978992462158, 0.37573957443237305"
0,gap analysis,,0.757231772,"0.0035466121044009924, 0.019549591466784477, 0.37514156103134155, 0.3174530565738678, 0.28430914878845215"
0,digital camera,,0.704147637,"0.0008590074721723795, 0.187360942363739, 0.35790514945983887, 0.2559688687324524, 0.197906032204628"
0,time analysis,,0.719253719,"0.0030650077387690544, 0.02714003063738346, 0.40815573930740356, 0.30632835626602173, 0.2553108036518097"
0,computability logic homepage comprehensive survey,,0.589913845,"6.315712653304217e-06, 8.377512131119147e-05, 0.00020741464686580002, 0.28856030106544495, 0.7111421823501587"
0,math functions,,0.54265815,"0.006012472324073315, 0.035220686346292496, 0.5819469094276428, 0.23993346095085144, 0.13688646256923676"
0,data processing industry,,0.556540251,"3.02957346320909e-06, 4.4334447011351585e-05, 0.9825208783149719, 0.01257152296602726, 0.004860260523855686"
0,biased estimation,,0.753434002,"0.0017934138886630535, 0.0031771427020430565, 0.23280584812164307, 0.32126113772392273, 0.4409625232219696"
0,fortran basic linear algebra subprograms,,0.849152088,"0.00922076404094696, 0.02666855975985527, 6.845747702755034e-05, 0.021169595420360565, 0.9428726434707642"
0,general programming languages,,0.640075326,"0.0118851438164711, 0.0002855191414710134, 0.13900317251682281, 0.4421049952507019, 0.40672117471694946"
0,negative matrix factorization,,0.544661701,"0.0030398487579077482, 0.0001140266249421984, 0.099819116294384, 0.5474867820739746, 0.34954026341438293"
1,asymptotic analysis,,0.694784164,"0.000923850224353373, 0.012260175310075283, 0.32764220237731934, 0.3247242867946625, 0.33444949984550476"
0,extensible encoding system,,0.520566702,"0.07539571076631546, 0.024717528373003006, 0.02272483892738819, 0.36668160557746887, 0.5104802846908569"
0,static  pure spatial patterns,,0.571182013,"1.8023562006419525e-05, 0.0014106964226812124, 0.24739022552967072, 0.06457684934139252, 0.6866042017936707"
0,standard computer algorithms,,0.731370628,"0.3414337933063507, 0.0006149363471195102, 0.0029017552733421326, 0.31495872139930725, 0.3400908410549164"
0,transfer data,,0.751125813,"0.008575624786317348, 0.010129627771675587, 0.32376644015312195, 0.30812710523605347, 0.34940117597579956"
0,amd accelerated processing units,,0.742942095,"0.004099963698536158, 0.0005868705338798463, 0.001095942803658545, 0.1156826764345169, 0.8785345554351807"
0,screen cursor,,0.748503447,"0.0012291147140786052, 0.02146403305232525, 0.33085185289382935, 0.36167314648628235, 0.2847818434238434"
0,learning method,,0.792724609,"5.834954572492279e-05, 0.17763003706932068, 0.40979793667793274, 0.24874995648860931, 0.16376371681690216"
0,document pattern,,0.752348185,"0.0026318668387830257, 0.16903062164783478, 0.4333822429180145, 0.24024127423763275, 0.15471401810646057"
0,bounded flat surface,,0.628094614,"0.0007305855397135019, 0.004306849092245102, 0.1875893771648407, 0.5217232704162598, 0.28564995527267456"
0,oriented analysis,,0.651445925,"0.013001571409404278, 0.025524253025650978, 0.3661018908023834, 0.30942830443382263, 0.28594401478767395"
1,design patterns,,0.585731626,"0.0016680489061400294, 0.04117884486913681, 0.4948444366455078, 0.2802310883998871, 0.182077556848526"
0,case gradient descent,,0.755524158,"0.03248587250709534, 1.6540056094527245e-05, 0.07319164276123047, 0.5346293449401855, 0.3596765697002411"
0,linear programming algorithm finds,,0.845927119,"1.549845023873786e-06, 2.917196979979053e-06, 4.208821337670088e-05, 0.9932914972305298, 0.006661829072982073"
0,euclidean cubes,,0.647292674,"0.0026916537899523973, 0.08006299287080765, 0.4522087574005127, 0.26921236515045166, 0.19582423567771912"
0,efficient retrieval,,0.515230536,"0.21801960468292236, 0.047069452702999115, 0.26504644751548767, 0.2272186577320099, 0.24264580011367798"
0,automated space docking,,0.51493752,"0.031334150582551956, 0.0034456178545951843, 0.8342822790145874, 0.07728273421525955, 0.05365528538823128"
0,computer architecture courses,,0.755357385,"0.00010243988799629733, 7.335368718486279e-05, 0.19671441614627838, 0.4094831943511963, 0.3936266005039215"
0,heterogeneous environment,,0.578191042,"0.00047335203271359205, 0.018665120005607605, 0.2390720546245575, 0.3345262110233307, 0.40726324915885925"
0,milnermycroft calculus,,0.690017581,"0.0010591326281428337, 0.012098980136215687, 0.32834500074386597, 0.32480570673942566, 0.33369117975234985"
0,web forums,,0.638227701,"0.00045970879727974534, 0.10121207684278488, 0.14704030752182007, 0.30710166692733765, 0.4441862404346466"
0,amd accelerated processing unit,,0.804780126,"0.005051339976489544, 0.0005615001427941024, 0.0007050426793284714, 0.04028685390949249, 0.9533952474594116"
0,business functions,,0.567961454,"0.05309632420539856, 0.020351426675915718, 0.48124539852142334, 0.2649836540222168, 0.18032319843769073"
0,matching algorithm,,0.732817113,"0.6288348436355591, 0.005696082022041082, 0.20294246077537537, 0.09670744836330414, 0.06581909209489822"
0,technology mining,,0.537210345,"0.008494085632264614, 0.20147521793842316, 0.3750435411930084, 0.23210865259170532, 0.18287847936153412"
0,dimensional generalization,,0.745431066,"0.0019320666324347258, 0.005680127535015345, 0.2843417823314667, 0.33830997347831726, 0.369735985994339"
0,flow analysis,,0.717088997,"0.00392635352909565, 0.02405514568090439, 0.3948681652545929, 0.30807626247406006, 0.26907405257225037"
0,amazon prime video,,0.700775564,"0.08044806867837906, 0.04213067516684532, 0.15154676139354706, 0.38060179352760315, 0.3452727794647217"
1,computational complexity,,0.815214455,"0.00010546350677032024, 0.014883170835673809, 0.3814608156681061, 0.3245425224304199, 0.27900806069374084"
0,galaxies  numerical linear algebra,,0.501767516,"0.11422782391309738, 0.009787164628505707, 0.009495770558714867, 0.00034740808769129217, 0.8661418557167053"
1,higher-order function,,0.684215665,"0.005786929279565811, 0.010008729062974453, 0.5171440243721008, 0.2756648063659668, 0.191395565867424"
0,data stored,,0.545594871,"0.007455595303326845, 0.8364272713661194, 0.05091402307152748, 0.04972783103585243, 0.055475346744060516"
0,function evaluates,,0.519264996,"0.00046422341256402433, 0.20561076700687408, 0.3916844427585602, 0.23209725320339203, 0.1701432764530182"
0,least linear,,0.535861015,"0.2703762352466583, 0.0006167234969325364, 0.22786682844161987, 0.23970726132392883, 0.2614329159259796"
0,mathematical analysis,,0.642650545,"0.004767395090311766, 0.0494900718331337, 0.4530273675918579, 0.28087347745895386, 0.2118416577577591"
1,sequential coupling,,0.585892022,"0.31250670552253723, 0.020721012726426125, 0.27093586325645447, 0.20595873892307281, 0.18987774848937988"
0,microbial intelligence,,0.651550114,"0.06073489412665367, 0.001468482194468379, 0.2648164927959442, 0.29723405838012695, 0.37574613094329834"
0,theoretic method,,0.591444492,"0.09311296045780182, 0.21737319231033325, 0.3720746636390686, 0.18802489340305328, 0.12941426038742065"
0,immutable object,,0.545121133,"0.0006951802643015981, 0.051150862127542496, 0.4177130460739136, 0.28363853693008423, 0.24680228531360626"
0,3d coordinate system,,0.787635803,"0.0006110855611041188, 0.0026665956247597933, 0.024392656981945038, 0.4580393135547638, 0.5142903327941895"
0,evaluate computer software,,0.565772235,"0.6914762258529663, 0.018194708973169327, 0.0035111268516629934, 0.07237505912780762, 0.2144428789615631"
0,dynamical systems theory,,0.607203603,"7.892007124610245e-05, 0.00017749177641235292, 0.0021922001615166664, 0.4253099858760834, 0.5722414255142212"
0,proof method,,0.644729018,"0.02149154618382454, 0.22657005488872528, 0.41006332635879517, 0.2049250453710556, 0.1369500458240509"
1,pseudorandom number generator,,0.659837663,"0.0036939186975359917, 0.517404317855835, 0.006496849935501814, 0.2667377293109894, 0.20566712319850922"
0,polynomial sequence,,0.742580891,"0.006733423564583063, 0.27137231826782227, 0.34343522787094116, 0.20786650478839874, 0.1705925017595291"
0,matlab function symmmd,,0.681417644,"1.6861291442182846e-05, 0.005561815109103918, 0.746989369392395, 0.1275636851787567, 0.11986824125051498"
0,mathematical reasoning,,0.509945571,"0.0036471085622906685, 0.19506235420703888, 0.4651471674442291, 0.20468634366989136, 0.13145703077316284"
0,denotational semantics,,0.621212363,"0.0015254511963576078, 0.21502894163131714, 0.263495534658432, 0.2512965798377991, 0.2686534523963928"
0,baseline method,,0.567163825,"0.00043859664583578706, 0.14638230204582214, 0.4096735417842865, 0.2586289346218109, 0.18487663567066193"
0,path trees,,0.520104885,"0.00012745351705234498, 8.340792555827647e-05, 0.16409485042095184, 0.335815966129303, 0.49987831711769104"
0,certificate-based encryption,,0.880578518,"0.010929063893854618, 0.006396797019988298, 0.178679421544075, 0.33208826184272766, 0.471906453371048"
0,based learning algorithms,,0.803008914,"0.07423140853643417, 0.0002706949308048934, 0.010119293816387653, 0.5525966882705688, 0.36278194189071655"
0,sleep algorithm,,0.884520769,"0.006968293339014053, 0.007194960955530405, 0.4534130394458771, 0.31034788489341736, 0.22207587957382202"
1,truth table,,0.826424301,"0.0797668844461441, 0.1108400747179985, 0.3495907187461853, 0.2519005835056305, 0.20790180563926697"
0,membership inference,,0.540765047,"0.36572256684303284, 0.0071047646924853325, 0.17113766074180603, 0.19039833545684814, 0.2656366527080536"
0,evidence toolkit,,0.593848526,"0.3992719054222107, 0.003616553731262684, 0.14327843487262726, 0.2065168023109436, 0.24731628596782684"
0,mit scheme,,0.53087002,"0.0007615226786583662, 0.04986380413174629, 0.4264985918998718, 0.28417524695396423, 0.23870086669921875"
0,robust optimization,,0.703153312,"0.002323268447071314, 0.008895977400243282, 0.33644944429397583, 0.33154091238975525, 0.3207904100418091"
0,analytic number theory,,0.834087253,"0.0009437751723453403, 0.1617359071969986, 0.006884091999381781, 0.45701488852500916, 0.3734213411808014"
0,map function,,0.648722172,"3.781444320338778e-05, 0.006461017299443483, 0.43184998631477356, 0.3185645639896393, 0.24308666586875916"
1,user interfaces,,0.521528721,"0.008935836143791676, 0.002229543635621667, 0.18225319683551788, 0.3468305468559265, 0.4597509205341339"
1,computational logic,,0.846885562,"0.00021668271801900119, 0.026572637259960175, 0.36218762397766113, 0.3264865279197693, 0.2845364809036255"
0,order function,,0.620116353,"0.3683456480503082, 0.011687874794006348, 0.3702833950519562, 0.15409353375434875, 0.09558945894241333"
0,assembling sequences,,0.601034701,"0.36733585596084595, 0.2156367003917694, 0.192454531788826, 0.11837192624807358, 0.10620096325874329"
1,lazy inheritance,,0.586495459,"0.023334799334406853, 0.226766899228096, 0.28494858741760254, 0.23319661617279053, 0.2317531555891037"
1,dynamical system,,0.699703634,"0.0010495848255231977, 0.007284651976078749, 0.19154950976371765, 0.33255735039711, 0.4675588607788086"
1,generalized additive model,,0.60593015,"7.905610254965723e-05, 0.45578742027282715, 0.00760290352627635, 0.3217519223690033, 0.2147786170244217"
1,typed programming languages,,0.519162476,"0.8573354482650757, 6.041082815499976e-05, 0.021708553656935692, 0.06446903198957443, 0.056426506489515305"
1,probabilistic turing machines,,0.772264242,"1.0935129466815852e-05, 0.004111181478947401, 0.7976600527763367, 0.14597074687480927, 0.0522470586001873"
0,joint density matrix,joint density,0.539633989,"0.04319377616047859, 0.00026012814487330616, 0.0007144289556890726, 0.4629332423210144, 0.49289843440055847"
0,cryogenic computing,,0.669242263,"0.020339341834187508, 0.0036676886957138777, 0.2542724907398224, 0.3190956711769104, 0.40262478590011597"
0,polygraphic substitution systems,polygraphic substitution,0.534300625,"0.02594848722219467, 0.70169997215271, 0.014887326397001743, 0.1496138572692871, 0.10785025358200073"
0,digital conversion,,0.625962019,"0.0007748078205622733, 0.01997482217848301, 0.4313679039478302, 0.30558282136917114, 0.24229967594146729"
1,data type,,0.60467422,"0.00036413277848623693, 0.9021100997924805, 0.04102165251970291, 0.0308893583714962, 0.025614792481064796"
0,yield intelligent behavior,,0.749672949,"0.00015487600467167795, 0.0014426239067688584, 0.2177838832139969, 0.4772275686264038, 0.3033910095691681"
1,markov shift,,0.816340446,"0.00011865515261888504, 0.041651107370853424, 0.5250619053840637, 0.264178067445755, 0.16899025440216064"
0,computational cognitive science,,0.769723773,"1.9369121218915097e-05, 0.000739042239729315, 0.1281067430973053, 0.5805743336677551, 0.2905604839324951"
1,balanced tree,,0.53974551,"0.15332576632499695, 6.843677692813799e-05, 0.16293008625507355, 0.2767108976840973, 0.40696486830711365"
0,evaluation method,,0.557106912,"0.0034376895055174828, 0.17930184304714203, 0.3966335654258728, 0.2432757318019867, 0.1773511916399002"
0,contract methodologies,,0.736380219,"0.12486975640058517, 0.05261819809675217, 0.35050076246261597, 0.25668784976005554, 0.21532349288463593"
1,schematic diagram,,0.564628541,"0.0004797540605068207, 0.006515498738735914, 0.2482343465089798, 0.3426271975040436, 0.4021431803703308"
1,modal interpretations,,0.510628462,"0.006641036365181208, 0.28150731325149536, 0.33350950479507446, 0.2070651650428772, 0.1712769865989685"
0,objective programming,,0.565461874,"0.11235226690769196, 0.002863885136321187, 0.2770784795284271, 0.2993597686290741, 0.3083455264568329"
0,time recurrent neural networks,continuous-time recurrent neural networks,0.784132957,"0.23972226679325104, 0.6136173605918884, 0.0005179072613827884, 0.0034419072326272726, 0.14270064234733582"
0,online information,,0.585030198,"0.07584536820650101, 0.08817694336175919, 0.28167375922203064, 0.2620607018470764, 0.29224321246147156"
0,metamathematics unit,,0.661033869,"0.00036768309655599296, 0.015251992270350456, 0.3671795725822449, 0.315079003572464, 0.30212172865867615"
0,based machine learning,,0.598505914,"0.6102195978164673, 0.0037077185697853565, 0.007254153024405241, 0.22819693386554718, 0.1506216824054718"
1,quantum cryptography,,0.680078208,"0.0003838356933556497, 0.013262228108942509, 0.3471859395503998, 0.3217989504337311, 0.3173690438270569"
1,linear inequality constraints,,0.945322871,"4.2271523852832615e-05, 0.0031273874919861555, 0.01724233664572239, 0.5542309284210205, 0.4253569543361664"
0,output classification,,0.791612804,"0.015217525884509087, 0.016211748123168945, 0.26589417457580566, 0.32136213779449463, 0.38131436705589294"
0,time compilers,,0.701068699,"0.2214728444814682, 0.03975481539964676, 0.19307242333889008, 0.2493392825126648, 0.29636067152023315"
0,artificial intelligence laboratory,,0.723652482,"0.0012029643403366208, 0.0005517589743249118, 0.5476440787315369, 0.2632984519004822, 0.18730278313159943"
0,dimensional real vector,,0.540783942,"0.000283790344838053, 0.5592399835586548, 0.001563220052048564, 0.29587146639823914, 0.14304158091545105"
0,matrix equations,,0.712993443,"4.274232196621597e-05, 0.04102013260126114, 0.4474084973335266, 0.29808762669563293, 0.21344093978405"
0,counterclockwise rotation,,0.505182266,"0.06846486777067184, 0.040701478719711304, 0.3684253990650177, 0.295192688703537, 0.22721554338932037"
0,linear behavior,,0.790143132,"2.1512556486413814e-05, 0.10069622844457626, 0.38561010360717773, 0.2926313877105713, 0.221040740609169"
0,virtual machine component,,0.789693713,"0.008436341769993305, 0.030312934890389442, 0.5025204420089722, 0.26255443692207336, 0.19617588818073273"
0,bayesian information,Bayesian information criterion,0.959389567,"0.00016752345254644752, 0.017539624124765396, 0.2624410390853882, 0.3455752432346344, 0.3742765784263611"
0,algorithm design technique,,0.536124229,"2.0659865640482167e-06, 0.00035212122020311654, 0.7110871076583862, 0.23693111538887024, 0.051627594977617264"
0,neural information processing workshop,,0.846616983,"3.2129595638252795e-05, 0.00020472650066949427, 0.002077205339446664, 0.8281052112579346, 0.16958077251911163"
1,superconducting quantum computing,,0.65784198,"9.05694323591888e-05, 0.0003422327572479844, 0.006798482500016689, 0.45593225955963135, 0.5368365049362183"
0,rotation data,,0.719307125,"0.001039478462189436, 0.013831235468387604, 0.3550122380256653, 0.31611621379852295, 0.3140008747577667"
0,cluster variances,,0.910054564,"0.0019446928054094315, 0.002135265152901411, 0.1869777888059616, 0.32587137818336487, 0.4830709397792816"
1,bivariate analysis,,0.842422128,"0.00046807294711470604, 0.008214783854782581, 0.2945081889629364, 0.34094104170799255, 0.3558679521083832"
1,density matrix,,0.692245305,"6.57559503451921e-05, 0.0003871665394399315, 0.2710731327533722, 0.35024401545524597, 0.3782299757003784"
1,flow diagram,,0.535563767,"0.003554542548954487, 0.024421285837888718, 0.39124852418899536, 0.3164852261543274, 0.26429039239883423"
0,schnhagestrassen algorithm,Schönhage–Strassen algorithm,0.792436957,"0.004404702689498663, 0.005089500453323126, 0.4093848466873169, 0.31230291724205017, 0.26881811022758484"
1,categorical distribution,,0.903687656,"0.10178349912166595, 0.010692506097257137, 0.23388954997062683, 0.2967451512813568, 0.3568893074989319"
0,digital sort,,0.715086281,"0.00037773372605443, 0.985493004322052, 0.00800076499581337, 0.0036862988490611315, 0.0024421592243015766"
0,probability density proportional,,0.68321079,"9.116633009398356e-05, 0.00014415539044421166, 0.5336925387382507, 0.2773067057132721, 0.18876543641090393"
0,dimensional dynamic models,,0.696750641,"0.0001942930102813989, 0.00022292528592515737, 0.0041289194487035275, 0.46100863814353943, 0.5344452261924744"
1,superconducting computing,,0.808537126,"0.0003058057918678969, 0.0024756193161010742, 0.23600181937217712, 0.3396930992603302, 0.42152369022369385"
0,dimensional vector space model implementations,dimensional vector space model,0.54944706,"2.5678969905129634e-05, 7.495896170439664e-06, 1.4498105883831158e-05, 0.0005230741226114333, 0.9994291663169861"
1,specification language,,0.582094312,"0.00022561638616025448, 0.014064595103263855, 0.3228541314601898, 0.3372783958911896, 0.3255772888660431"
0,probabilistic parsing mechanism,,0.702647328,"9.761372348293662e-05, 0.0015022013103589416, 0.006469553802162409, 0.4597533047199249, 0.5321773290634155"
0,network environments,,0.791675091,"0.0004821241891477257, 0.08678498864173889, 0.2650829255580902, 0.31858545541763306, 0.3290645182132721"
1,plane sweep algorithm,,0.878874063,"0.005858035758137703, 0.014795343391597271, 0.01174952182918787, 0.6279399394989014, 0.3396572470664978"
0,model nonlinear processes,,0.690006256,"0.00018061620357912034, 0.00016715216042939574, 0.0032066276762634516, 0.3669027090072632, 0.629542887210846"
0,modern deep learning models,,0.535629451,"0.04306861013174057, 0.001165339257568121, 0.0003456993727013469, 0.011846551671624184, 0.9435738325119019"
0,quantum programming environment,,0.740817189,"6.954697164474055e-05, 9.794234938453883e-05, 0.03893226012587547, 0.43616339564323425, 0.5247368812561035"
0,biological data,,0.555980384,"0.09120847284793854, 0.01389155164361, 0.3106973469257355, 0.274149626493454, 0.3100530207157135"
0,software design description,,0.849350691,"7.295941759366542e-05, 0.0028218694496899843, 0.05899842083454132, 0.41387656331062317, 0.5242301225662231"
0,classical statistical databases,statistical databases,0.505091429,"0.4300057888031006, 0.2762037515640259, 0.0033835801295936108, 0.09554826468229294, 0.19485865533351898"
0,constraint decision model,,0.776587844,"3.213097443222068e-05, 0.002908267080783844, 0.003248332068324089, 0.44543057680130005, 0.5483806729316711"
0,protein sequences,,0.605227113,"0.037259284406900406, 0.1048411950469017, 0.30118927359580994, 0.2627682089805603, 0.2939419746398926"
0,classifier chain,,0.69702965,"4.1427305404795334e-05, 0.010164374485611916, 0.2682323157787323, 0.3382705748081207, 0.3832913041114807"
0,modelling software,,0.742460728,"0.020751971751451492, 0.015617799945175648, 0.13936135172843933, 0.31913015246391296, 0.5051387548446655"
0,microevolutionary processes,,0.537625134,"0.04421175271272659, 0.0029817908070981503, 0.2151944637298584, 0.3201451897621155, 0.41746675968170166"
1,digital computer,,0.893230081,"0.04742703214287758, 0.024867601692676544, 0.18648840487003326, 0.3323240280151367, 0.40889298915863037"
0,phylogenetic trees,,0.670362651,"0.012054919265210629, 0.00015078629076015204, 0.1530054807662964, 0.30939534306526184, 0.5253934860229492"
1,min-conflicts algorithm,,0.703510165,"0.004423890262842178, 0.004665027838200331, 0.4086695611476898, 0.30555039644241333, 0.27669110894203186"
0,speech processing applications,,0.541047513,"0.004995628260076046, 0.002729390049353242, 0.09014956653118134, 0.3311307430267334, 0.5709946751594543"
0,user virtualization decouples,,0.734873176,"0.07382519543170929, 0.0005505905719473958, 0.0051116603426635265, 0.33590713143348694, 0.5846053957939148"
0,linear approach,,0.502501011,"1.1625966180872638e-06, 0.6792798638343811, 0.17927151918411255, 0.09002349525690079, 0.051423970609903336"
0,random iterates,,0.557038486,"0.013694217428565025, 0.011040616780519485, 0.24107380211353302, 0.32127681374549866, 0.412914514541626"
1,number theory,,0.527274787,"0.0654984712600708, 0.004309722222387791, 0.31793344020843506, 0.3036898076534271, 0.3085685670375824"
0,solving sparse linear systems,,0.5334571,"0.07511840760707855, 0.001555825350806117, 0.0003686865675263107, 0.027228770777583122, 0.8957282304763794"
0,biological computation,,0.649014175,"0.07436267286539078, 0.0014713957207277417, 0.3285243511199951, 0.29629603028297424, 0.29934558272361755"
0,neural networks training,,0.862391889,"4.8410343879368156e-05, 0.0003708349831867963, 0.340048611164093, 0.40325725078582764, 0.25627487897872925"
0,representation curve,,0.759461164,"0.0009448308846913278, 0.0016345495823770761, 0.35316580533981323, 0.33233749866485596, 0.31191733479499817"
0,quantificational logic,,0.706565619,"0.006861131172627211, 0.039473529905080795, 0.39839115738868713, 0.2973119914531708, 0.2579621970653534"
0,code modulation,,0.505027711,"7.287609150807839e-06, 0.0008214354747906327, 0.2464430034160614, 0.376602441072464, 0.3761257827281952"
0,floor space,,0.520483077,"0.05212021619081497, 0.005911136046051979, 0.35452547669410706, 0.31709402799606323, 0.2703492045402527"
0,computational methods,,0.684002995,"2.783727177302353e-05, 0.11466249823570251, 0.3624655604362488, 0.2938525080680847, 0.2289915680885315"
0,numeric computation,,0.864224195,"0.04710918664932251, 0.0024486961774528027, 0.38676390051841736, 0.3023858666419983, 0.26129239797592163"
0,abstract framework,,0.531947315,"0.0005668431986123323, 0.011133411899209023, 0.1988590657711029, 0.3365759551525116, 0.45286476612091064"
0,linear discriminant,,0.955928445,"0.0004441507626324892, 0.10685063153505325, 0.2783382833003998, 0.3208320438861847, 0.29353493452072144"
0,recursive parametrically polymorphic function,,0.771991849,"0.003090767189860344, 0.008041281253099442, 0.0006044688052497804, 0.015972357243299484, 0.972291111946106"
0,technology database,,0.833845854,"0.05979340523481369, 0.001976985950022936, 0.1532060205936432, 0.3142921030521393, 0.4707314670085907"
0,cut theorem,,0.546698332,"0.30306476354599, 0.06233108043670654, 0.4161008298397064, 0.14056949317455292, 0.07793381810188293"
0,beta encoders,,0.517387331,"0.0029211847577244043, 0.0023216346744447947, 0.1710854470729828, 0.33389535546302795, 0.4897764027118683"
0,computer mouse,,0.796770334,"0.0014285927172750235, 0.013359167613089085, 0.2745981216430664, 0.353930801153183, 0.35668325424194336"
0,factor approximations,,0.54120934,"0.31551414728164673, 0.012973636388778687, 0.3093889653682709, 0.198794886469841, 0.16332831978797913"
0,computational systems,,0.755397439,"0.0005388175486586988, 0.010154602117836475, 0.2785460650920868, 0.34149792790412903, 0.36926257610321045"
0,parallel sort,,0.68981427,"0.002534644678235054, 0.98384028673172, 0.007677702698856592, 0.003479365259408951, 0.0024681019131094217"
0,compressed suffix array,,0.508441508,"3.261369056417607e-05, 0.33801552653312683, 0.03418558090925217, 0.4320826828479767, 0.19568364322185516"
1,karatsuba algorithm,,0.781019926,"0.10883451253175735, 0.00782845914363861, 0.4192434251308441, 0.26106250286102295, 0.20303115248680115"
0,process pixel data,,0.670681477,"0.00017976020171772689, 0.0010407686932012439, 0.03967965394258499, 0.5382607579231262, 0.4208390712738037"
0,vector clustering algorithm,,0.936127186,"0.0004863102803938091, 0.000330706883687526, 0.004502877127379179, 0.4885769486427307, 0.5061031579971313"
0,bayesian svms,,0.900784612,"0.0002979683340527117, 0.008381426334381104, 0.24207423627376556, 0.3574407696723938, 0.3918055593967438"
0,random permutation,,0.501407087,"0.0025703131686896086, 0.12557551264762878, 0.33226990699768066, 0.26782041788101196, 0.2717638313770294"
0,term data model,,0.708284259,"0.41479596495628357, 0.0011324926745146513, 0.003521934151649475, 0.2916564345359802, 0.2888931930065155"
0,underlying graph,,0.589877784,"0.5635566115379333, 0.0012074279366061091, 0.1980573534965515, 0.13225296139717102, 0.10492567718029022"
0,information technology methods,,0.563530803,"3.4318120015086606e-05, 0.001016157097183168, 0.19459418952465057, 0.48144781589508057, 0.32290759682655334"
0,observation function,,0.630515337,"0.0002272216515848413, 0.010404285043478012, 0.5090526342391968, 0.2863015830516815, 0.1940142810344696"
0,combinatorial optimization,,0.623786569,"0.001916019944474101, 0.00908667966723442, 0.3215036392211914, 0.3298488259315491, 0.3376447856426239"
0,background assumption,,0.687168539,"0.08920993655920029, 0.28635695576667786, 0.3723817765712738, 0.15220126509666443, 0.09985005855560303"
0,computing power,,0.824462414,"0.00010963145905407146, 0.042748816311359406, 0.4616059958934784, 0.29486462473869324, 0.20067095756530762"
0,time markov process,continuous-time Markov process,0.810774863,"0.10169946402311325, 0.013091922737658024, 0.05387912690639496, 0.43804237246513367, 0.39328715205192566"
0,row vector,,0.767338634,"0.011743392795324326, 0.0009309271699748933, 0.37253251671791077, 0.31644392013549805, 0.2983492612838745"
0,process plant,,0.788721859,"0.006957950536161661, 0.015681851655244827, 0.303972989320755, 0.32310906052589417, 0.35027819871902466"
0,data transfer,,0.798015118,"0.005777672398835421, 0.18757380545139313, 0.2711982727050781, 0.26686927676200867, 0.2685810625553131"
0,software engineeringis,software engineering,0.883235991,"0.005568426102399826, 0.045248743146657944, 0.20431174337863922, 0.33299610018730164, 0.4118749797344208"
1,variational inference,,0.967949271,"0.00045691378181800246, 0.010714043863117695, 0.29324114322662354, 0.3502042293548584, 0.3453836441040039"
0,text retrieval,,0.679461002,"0.1152518093585968, 0.09894146770238876, 0.3118727207183838, 0.2459929883480072, 0.22794108092784882"
0,categorize unlabeled data,,0.740134716,"0.2163028120994568, 0.003371019847691059, 0.01489632111042738, 0.38473132252693176, 0.3806985914707184"
1,cross-entropy method,,0.747003198,"1.996961873373948e-05, 0.08035505563020706, 0.34641504287719727, 0.3043056130409241, 0.26890435814857483"
0,random projection,,0.679632068,"0.0001820132602006197, 0.00031470434623770416, 0.2547563910484314, 0.3488740622997284, 0.3958728015422821"
0,ngh systems,,0.699711382,"0.17984266579151154, 0.012575163505971432, 0.23402437567710876, 0.2673753499984741, 0.30618253350257874"
0,dimensional theories,,0.641804338,"0.0021320616360753775, 0.07049674540758133, 0.3591546416282654, 0.2986762225627899, 0.26954033970832825"
0,polynomial expression,,0.681304395,"0.00012224834063090384, 0.037843335419893265, 0.5297487378120422, 0.26363998651504517, 0.1686456799507141"
0,partitioning design pattern,,0.770938635,"0.00019125567632727325, 0.0009048665524460375, 0.1904514878988266, 0.5270950198173523, 0.2813573479652405"
1,pigeonhole sort,,0.50993365,"0.0007326641352847219, 0.9861406087875366, 0.008342109620571136, 0.0029826757963746786, 0.001801903243176639"
0,order logic,higher-order logic,0.604008853,"0.8984770774841309, 0.005748429335653782, 0.04657885059714317, 0.027322184294462204, 0.02187342941761017"
0,structured model,,0.580362797,"0.002597070299088955, 0.003311700187623501, 0.3054000437259674, 0.3311886489391327, 0.3575025200843811"
0,learning state,,0.519088566,"0.007508080918341875, 0.6691257953643799, 0.12011704593896866, 0.10145654529333115, 0.10179247707128525"
0,plate notation,,0.679126441,"0.07359559834003448, 0.09539876878261566, 0.5027430653572083, 0.20519857108592987, 0.1230640634894371"
0,tech mining,,0.513192713,"0.009243854321539402, 0.21452024579048157, 0.3713220953941345, 0.22785797715187073, 0.17705583572387695"
0,regular graph,,0.608006537,"0.5983840823173523, 0.0004890969139523804, 0.14830847084522247, 0.1273215115070343, 0.12549684941768646"
1,automatic programming,,0.830542445,"0.22751697897911072, 0.0019488853868097067, 0.20450888574123383, 0.27025070786476135, 0.29577451944351196"
0,convolutional code,,0.709263682,"0.0347457192838192, 0.0008492338238283992, 0.1885131299495697, 0.3320345878601074, 0.4438573718070984"
0,oriented code,,0.715523362,"0.015848062932491302, 0.0008301874622702599, 0.2186191827058792, 0.35561588406562805, 0.409086674451828"
0,balancing binary search tree,self-balancing binary search tree,0.532017887,"0.24186642467975616, 0.0007729046046733856, 0.06604360044002533, 0.00016972194134723395, 0.6911473870277405"
0,adaptive systems,,0.513864934,"0.003554167691618204, 0.009293374605476856, 0.26168060302734375, 0.3334695100784302, 0.3920023441314697"
0,redeveloping logic,,0.536214292,"0.31526023149490356, 0.046258583664894104, 0.3128209114074707, 0.1834063082933426, 0.14225396513938904"
0,site tracing,,0.503435373,"0.0046325260773301125, 0.3263574242591858, 0.3720286190509796, 0.17372390627861023, 0.12325748801231384"
1,differential entropy,,0.77169311,"0.00961846299469471, 0.0018259085481986403, 0.2035197913646698, 0.33182477951049805, 0.45321106910705566"
0,software engineering body,,0.650588512,"2.185341509175487e-05, 0.0013122883392497897, 0.5532546043395996, 0.2664678692817688, 0.1789434254169464"
1,extended binary trees,,0.507699668,"0.6821321845054626, 7.963114330777898e-05, 7.424095383612439e-05, 0.10817182064056396, 0.20954211056232452"
0,key algorithm,Symmetric-key algorithm,0.710395813,"0.013770068995654583, 0.008162850514054298, 0.4721755087375641, 0.2880670726299286, 0.21782448887825012"
0,propositional calculuswhich sets,,0.526463211,"0.01706383004784584, 0.00017368773114867508, 0.6239386200904846, 0.2598239481449127, 0.09899988025426865"
0,fast multiplication algorithms,,0.51127106,"0.0067048268392682076, 0.10853307694196701, 0.017957940697669983, 0.6004347801208496, 0.26636937260627747"
0,inverse system,,0.646325111,"0.09606543183326721, 0.02261248789727688, 0.2602507174015045, 0.29517030715942383, 0.32590100169181824"
0,division multiplexing,,0.541328371,"0.022511955350637436, 0.19785690307617188, 0.24545614421367645, 0.25276151299476624, 0.2814134657382965"
0,cannot compute,,0.589686036,"0.13401766121387482, 0.018027959391474724, 0.3813041150569916, 0.244814932346344, 0.22183531522750854"
0,division algorithms fall,,0.713382959,"0.00016010871331673115, 0.00023254116240423173, 0.30107244849205017, 0.4468456208705902, 0.25168922543525696"
0,technology information,,0.532690346,"0.004182006698101759, 0.14791181683540344, 0.3367327153682709, 0.26412826776504517, 0.24704520404338837"
0,linear frequency,,0.727965415,"4.690835794463055e-06, 0.010932905599474907, 0.34559524059295654, 0.3473689556121826, 0.29609811305999756"
0,natural neuronal processes,,0.747766852,"0.09974517673254013, 0.0060530854389071465, 0.0064195916056632996, 0.3871203362941742, 0.5006618499755859"
0,dimensional optimization problem,Infinite-dimensional optimization,0.512234807,"0.0006245186668820679, 0.0036810673773288727, 0.718158483505249, 0.18714728951454163, 0.09038862586021423"
0,nonlinear global analysis,,0.630024076,"6.995104286033893e-06, 0.0007838275050744414, 0.015692323446273804, 0.4981911778450012, 0.4853256344795227"
0,recursively dividing,,0.553821087,"0.0017383925151079893, 0.16721586883068085, 0.41444677114486694, 0.22935815155506134, 0.1872408390045166"
0,domain method,,0.655697107,"0.0020038357470184565, 0.11027558892965317, 0.3689013421535492, 0.2813967764377594, 0.2374224215745926"
0,computational cognitive psychology,,0.836779118,"8.630225056549534e-05, 0.005901208147406578, 0.16112981736660004, 0.49430593848228455, 0.3385767936706543"
0,sensor networks,,0.727397144,"0.0003796439559664577, 0.0039580506272614, 0.27191153168678284, 0.3441618084907532, 0.3795889616012573"
0,complexity bounds,,0.546063542,"0.0016497649485245347, 0.010445263236761093, 0.3062683939933777, 0.3343368172645569, 0.3472997844219208"
0,data flows,,0.534397662,"0.00019596451602410525, 0.5682976245880127, 0.2380465865135193, 0.11390694975852966, 0.07955286651849747"
1,row vectors,,0.50674516,"0.00639561889693141, 0.004680567421019077, 0.4737868309020996, 0.2920379936695099, 0.22309905290603638"
0,accurate identification method,,0.760009348,"0.020571503788232803, 0.05580541491508484, 0.281329870223999, 0.44047072529792786, 0.20182253420352936"
1,cache coherence,,0.774828255,"0.0004921428626403213, 0.0064736660569906235, 0.21967966854572296, 0.32591482996940613, 0.4474397301673889"
0,global robustness,,0.52485019,"0.00936926156282425, 0.005260113626718521, 0.2502729594707489, 0.33494266867637634, 0.4001550078392029"
0,geometrical model,Geometric modeling,0.718091786,"0.0008889503660611808, 0.004472816362977028, 0.36430925130844116, 0.3329833447933197, 0.2973456084728241"
0,computability theorists,,0.852904201,"0.00018176698358729482, 0.0512152723968029, 0.2647765278816223, 0.32447129487991333, 0.35935506224632263"
0,2007  algorithmic mechanism design,,0.505395532,"0.20613883435726166, 0.0009958017617464066, 1.620044895389583e-05, 0.0007270234054885805, 0.7921221256256104"
1,conjugate gradient method,,0.731647789,"0.00017642381135374308, 6.405277872545412e-06, 0.1592038869857788, 0.5097131133079529, 0.3309001326560974"
1,pci express,,0.723786116,"0.0005526064778678119, 0.3292749226093292, 0.19526945054531097, 0.2266712635755539, 0.24823176860809326"
1,range encoding,,0.604847193,"0.0008977403049357235, 0.005858827847987413, 0.29185155034065247, 0.33378860354423523, 0.36760327219963074"
